season,episode,title,My Title
1,1,The Pilot,The One About Everybody With Paul
1,2,The One with the Sonogram at the End,The One About Ew With Helen
1,3,The One with the Thumb,The One About Smoke With Alan
1,4,The One with George Stephanopoulos,The One About Cmon With Jack
1,5,The One with the East German Laundry Detergent,The One About Laundry With Angela
1,6,The One with the Butt,The One About Cmon With Ethan
1,7,The One with the Blackout,The One About Paolo With Jill
1,8,The One Where Nana Dies Twice,The One About Na With Nana
1,9,The One Where Underdog Gets Away,The One About Thanksgiving With Na
1,10,The One with the Monkey,The One About Minsk With Max
1,11,The One with Mrs. Bing,The One About Paolo With Na
1,12,The One with the Dozen Lasagnas,The One About Paolo With Susan
1,13,The One with the Boobies,The One About Dad With Ma
1,14,The One with the Candy Hearts,The One About Egg With Janice
1,15,The One with the Stoned Guy,The One About Alright With Wendy
1,16,The One with Two Parts: Part 1,The One About Err With Nina
1,17,The One with Two Parts: Part 2,The One About Ow With Ursula
1,18,The One with All the Poker,The One About Poker With Marcel
1,19,The One Where the Monkey Gets Away,The One About Monkey With Marcel
1,20,The One with the Evil Orthodontist,The One About Na With Mindy
1,21,The One with the Fake Monica,The One About Class With Marcel
1,22,The One with the Ick Factor,The One About Bye With Ethan
1,23,The One with the Birth,The One About Breathe With Ben
1,24,The One Where Rachel Finds Out,The One About Alright With China
2,1,The One with Ross's New Girlfriend,The One About Na With Julie
2,2,The One with the Breast Milk,The One About Milk With Julie
2,3,The One Where Heckles Dies,The One About Heckle With Janice
2,4,The One with Phoebe's Husband,The One About Um With Julie
2,5,The One with Five Steaks and an Eggplant,The One About Birthday With Bob
2,6,The One with the Baby on the Bus,The One About Smelly With Stephanie
2,7,The One Where Ross Finds Out,The One About Cat With Julie
2,8,The One with the List,The One About Um With Julie
2,9,The One with Phoebe's Dad,The One About Christmas With Na
2,10,The One with Russ,The One About Alright With Russ
2,11,The One with the Lesbian Wedding,The One About Wed With Susan
2,12,The One After the Superbowl,The One About Monkey With Erica
2,13,The One After the Superbowl,The One About Damme With Susie
2,14,The One with the Prom Video,The One About Lobster With Jack
2,15,The One Where Ross and Rachel...You Know,The One About Burke With Na
2,16,The One Where Joey Moves Out,The One About Tattoo With Richard
2,17,The One Where Eddie Moves In,The One About Smelly With Eddie
2,18,The One Where Dr. Ramoray Dies,The One About Fish With Eddie
2,19,The One Where Eddie Won't Go,The One About Woah With Eddie
2,20,The One Where Old Yeller Dies,The One About Dad With Bert
2,21,The One with the Bullies,The One About Alright With Frank
2,22,The One with the Two Parties,The One About Birthday With Na
2,23,The One with the Chicken Pox,The One About Alright With Ryan
2,24,The One with Barry and Mindy's Wedding,The One About Wed With Barry
3,1,The One with the Princess Leia Fantasy,The One About Um With Leia
3,2,The One Where No One's Ready,The One About Breezy With Michelle
3,3,The One with the Jam,The One About Jam With Malcom
3,4,The One with the Metaphorical Tunnel,The One About Barbi With Janice
3,5,The One with Frank Jr.,The One About Melt With Isabella
3,6,The One with the Flashback,The One About Na With Na
3,7,The One with the Race Car Bed,The One About Mattress With King
3,8,The One with the Giant Poking Device,The One About Bang With Ben
3,9,The One with the Football,The One About Touchdown With Janice
3,10,The One Where Rachel Quits,The One About Sell With Sarah
3,11,The One Where Chandler Can't Remember Which Sister,The One About Punch With Mark
3,12,The One with All the Jealousy,The One About Stripper With Mark
3,13,The One Where Monica and Richard Are Just Friends,The One About Shine With Robert
3,14,The One with Phoebe's Ex-Partner,The One About Cat With Ginger
3,15,The One Where Ross and Rachel Take a Break,The One About Umm With Chloe
3,16,The One with the Morning After,The One About Wax With Issac
3,17,The One Without the Ski Trip,The One About Smoke With Susan
3,18,The One with the Hypnosis Tape,The One About Smoke With Frank
3,19,The One with the Tiny T-Shirt,The One About Petty With Kate
3,20,The One with the Dollhouse,The One About House With Kate
3,21,The One with a Chick and a Duck,The One About Chick With Pete
3,22,The One with the Screamer,The One About Vic With Kate
3,23,The One with Ross's Thing,The One About Petes With Vince
3,24,The One with the Ultimate Fighting Champion,The One About Ultimate With Pete
3,25,The One at the Beach,The One About Beach With Bonnie
4,1,The One with the Jellyfish,The One About Beach With Na
4,2,The One with the Cat,The One About Chip With Buck
4,3,The One with the Cuffs,The One About Office With Joanna
4,4,The One with the Ballroom Dancing,The One About Treeger With Rick
4,5,The One with Joey's New Girlfriend,The One About Na With Kathy
4,6,The One with the Dirty Girl,The One About Pen With Cheryl
4,7,The One Where Chandler Crosses the Line,The One About Music With Kathy
4,8,The One with Chandler in a Box,The One About Box With Tim
4,9,The One Where They're Going to Party!,The One About Assistant With Joanna
4,10,The One with the Girl from Poughkeepsie,The One About Fire With Song
4,11,The One with Phoebe's Uterus,The One About Puppy With Na
4,12,The One with the Embryos,The One About Correct With Na
4,13,The One with Rachel's Crush,The One About Ticket With Joshua
4,14,The One with Joey's Dirty Day,The One About Phase With Joshua
4,15,The One with All the Rugby,The One About Yemen With Janice
4,16,The One with the Fake Party,The One About Spin With Emily
4,17,The One with the Free Porn,The One About Erm With Emily
4,18,The One with Rachel's New Dress,The One About Parent With Susan
4,19,The One with All the Haste,The One About Ticket With Emily
4,20,The One with All the Wedding Dresses,The One About Snore With Joshua
4,21,The One with the Invitation,The One About Clip With Julie
4,22,The One with the Worst Best Man Ever,The One About Stripper With Na
4,23,The One with Ross' Wedding,The One About London With Abbey
4,24,The One with Ross' Wedding,The One About Waltham With Emily
5,1,The One After Ross Says Rachel,The One About Na With Emily
5,2,The One with All the Kissing,The One About London With Dave
5,3,The One Hundredth,The One About Delivery With Frank
5,4,The One Where Phoebe Hates PBS,The One About Deed With Emily
5,5,The One with the Kips,The One About Weekend With Kip
5,6,The One with the Yeti,The One About Fog With Emily
5,7,The One Where Ross Moves In,The One About Party With Larry
5,8,The One with All the Thanksgivings,The One About Thanksgiving With Na
5,9,The One with Ross's Sandwich,The One About Sandwich With Jane
5,10,The One with the Inappropriate Sister,The One About Bucket With Danny
5,11,The One with All the Resolutions,The One About Resolution With Elizabeth
5,12,The One with Chandler's Work Laugh,The One About Bing With Doug
5,13,The One with Joey's Bag,The One About Bag With Lilly
5,14,The One Where Everybody Finds Out,The One About Ugly With Na
5,15,The One with the Girl Who Hits Joey,The One About Party With Howard
5,16,The One with the Cop,The One About Dream With Na
5,17,The One with Rachel's Inadvertent Kiss,The One About Interview With Gary
5,18,The One Where Rachel Smokes,The One About Soup With Ben
5,19,The One Where Ross Can't Flirt,The One About Flirt With Caitlin
5,20,The One with the Ride-Along,The One About Sandwich With Gary
5,21,The One with the Ball,The One About Cat With Gary
5,22,The One with Joey's Big Break,The One About Route With Richard
5,23,The One in Vegas,The One About Vega With Richard
5,24,The One in Vegas,The One About 8 With Lady
6,1,The One After Vegas,The One About Eight With Na
6,2,The One Where Ross Hugs Rachel,The One About Divorce With Era
6,3,The One with Ross's Denial,The One About Roommate With Denise
6,4,The One Where Joey Loses His Insurance,The One About Lecture With Estelle
6,5,The One with Joey's Porsche,The One About Annulment With Porsche
6,6,The One on the Last Night,The One About Pack With Bill
6,7,The One Where Phoebe Runs,The One About Roommate With Janine
6,8,The One with Ross's Teeth,The One About Copy With Ralph
6,9,The One Where Ross Got High,The One About Trifle With Jack
6,10,The One with the Routine,The One About Dance With Janine
6,11,The One with the Apothecary Table,The One About Pottery With Janine
6,12,The One with the Joke,The One About Joke With Na
6,13,The One with Rachel's Sister,The One About Sick With Jill
6,14,The One Where Chandler Can't Cry,The One About Drape With Jill
6,15,The One That Could Have Been,The One About Money With Wesley
6,16,The One That Could Have Been,The One About Na With Roger
6,17,The One with Unagi,The One About Attack With Valentine
6,18,The One Where Ross Dates a Student,The One About Thursday With Dana
6,19,The One with Joey's Fridge,The One About Fridge With Elizabeth
6,20,The One with Mac and C.H.E.E.S.E.,The One About Flashback With Mac
6,21,The One Where Ross Meets Elizabeth's Dad,The One About Cheese With Wayne
6,22,The One Where Paul's the Man,The One About Wall With Paul
6,23,The One with the Ring,The One About Ring With Paul
6,24,The One with the Proposal,The One About Balloon With Charity
6,25,The One with the Proposal,The One About Backup With Richard
7,1,The One with Monica's Thunder,The One About 19 With Na
7,2,The One with Rachel's Book,The One About Massage With Na
7,3,The One with Phoebe's Cookies,The One About Recipe With Na
7,4,The One with Rachel's Assistant,The One About Hire With Hilda
7,5,The One with the Engagement Picture,The One About Tag With Whitney
7,6,The One with the Nap Partners,The One About Honor With Na
7,7,The One with Ross's Library Book,The One About Library With Clark
7,8,The One Where Chandler Doesn't Like Dogs,The One About Dog With Na
7,9,The One with All the Candy,The One About Bike With Candy
7,10,The One with the Holiday Armadillo,The One About Hanukkah With Santa
7,11,The One with All the Cheesecakes,The One About Cheesecake With David
7,12,The One Where They're Up All Night,The One About Contract With Na
7,13,The One Where Rosita Dies,The One About Chair With Earl
7,14,The One Where They All Turn Thirty,The One About Birthday With Na
7,15,The One with Joey's New Brain,The One About Character With Jessica
7,16,The One with the Truth About London,The One About Share With Ben
7,17,The One with the Cheap Wedding Dress,The One About Dress With Kristen
7,18,The One with Joey's Award,The One About Award With Jessica
7,19,The One with Ross and Monica's Cousin,The One About Director With Cassie
7,20,The One with Rachel's Big Kiss,The One About Batman With Melissa
7,21,The One with the Vows,The One About Vow With Na
7,22,The One with Chandler's Dad,The One About Driver With Porsche
7,23,The One with Monica and Chandler's Wedding,The One About Bing With Richard
7,24,The One with Monica and Chandler's Wedding,The One About Hotel With Richard
8,1,The One After 'I Do',The One About Dance With Dennis
8,2,The One with the Red Sweater,The One About Picture With Lynn
8,3,The One Where Rachel Tells...,The One About Honeymoon With Na
8,4,The One with the Videotape,The One About Europe With Greg
8,5,The One with Rachel's Date,The One About Fire With Toby
8,6,The One with the Halloween Party,The One About Costume With Ursula
8,7,The One with the Stain,The One About Ew With Brenda
8,8,The One with the Stripper,The One About Hooker With Mona
8,9,The One with the Rumor,The One About Turkey With Na
8,10,The One with Monica's Boots,The One About Boot With Dina
8,11,The One with Ross's Step Forward,The One About Card With Mona
8,12,The One Where Joey Dates Rachel,The One About Class With Na
8,13,The One Where Chandler Takes a Bath,The One About Bath With Ruth
8,14,The One with the Secret Closet,The One About Massage With Na
8,15,The One with the Birthing Video,The One About Dog With Valentine
8,16,The One Where Joey Tells Rachel,The One About Soul With Don
8,17,The One with the Tea Leaves,The One About Cd With Jim
8,18,The One in Massapequa,The One About Anniversary With Parker
8,19,The One with Joey's Interview,The One About Episode With Na
8,20,The One with the Baby Shower,The One About Wheel With Na
8,21,The One with the Cooking Class,The One About Chef With Star
8,22,The One Where Rachel Is Late,The One About Bet With Na
8,23,The One Where Rachel Has a Baby,The One About Semiprivate With Na
8,24,The One Where Rachel Has a Baby,The One About Labor With Cliff
9,1,The One Where No One Proposes,The One About Propose With Na
9,2,The One Where Emma Cries,The One About Tulsa With Emma
9,3,The One with the Pediatrician,The One About Tulsa With Mike
9,4,The One with the Sharks,The One About Shark With Mike
9,5,The One with Phoebe's Birthday Dinner,The One About Smoke With Emma
9,6,The One with the Male Nanny,The One About Uhm With Sandy
9,7,The One with Ross's Inappropriate Song,The One About Uhm With Mike
9,8,The One with Rachel's Other Sister,The One About Plate With Amy
9,9,The One with Rachel's Phone Number,The One About Um With Mike
9,10,The One with Christmas in Tulsa,The One About Christmas With Merry
9,11,The One Where Rachel Goes Back to Work,The One About Alright With Gavin
9,12,The One with Phoebe's Rats,The One About Rat With Gavin
9,13,The One Where Monica Sings,The One About Sing With Gavin
9,14,The One with the Blind Dates,The One About Date With Emma
9,15,The One with the Mugging,The One About Mug With Na
9,16,The One with the Boob Job,The One About Marriage With Mike
9,17,The One with the Memorial Service,The One About Hugsy With Emma
9,18,The One with the Lottery,The One About Lottery With Emma
9,19,The One with Rachel's Dream,The One About Restaurant With Olivia
9,20,The One with the Soap Opera Party,The One About Prize With Charlie
9,21,The One with the Fertility Test,The One About Massage With Ja
9,22,The One with the Donor,The One About Sperm With Zack
9,23,The One in Barbados,The One About Speech With David
9,24,The One in Barbados,The One About Hotel With Ping
10,1,The One After Joey and Rachel Kiss,The One About Uhm With Charlie
10,2,The One Where Ross Is Fine,The One About Adopt With Owen
10,3,The One with Ross's Tan,The One About Tan With Amanda
10,4,The One with the Cake,The One About Birthday With Emma
10,5,The One Where Rachel's Sister Babysits,The One About Propose With Amy
10,6,The One with Ross's Grant,The One About Tape With Gladys
10,7,The One with the Home Study,The One About Swing With Laura
10,8,The One with the Late Thanksgiving,The One About Thanksgiving With Emma
10,9,The One with the Birth Mother,The One About Reverend With Erica
10,10,The One Where Chandler Gets Caught,The One About Uhm With Nancy
10,11,The One Where the Stripper Cries,The One About Uhm With Gene
10,12,The One with Phoebe's Wedding,The One About Wed With Mike
10,13,The One Where Joey Speaks French,The One About Je With Erica
10,14,The One with Princess Consuela,The One About House With Consuela
10,15,The One Where Estelle Dies,The One About House With Ron
10,16,The One with Rachel's Going Away Party,The One About Goodbye With Erica
10,17,The Last One,The One About Quack With Erica
10,18,The Last One,The One About Plane With Na
